period,mean
Hafit,0.25148590810011606
Umm an-Nar,0.08647755398652116
Wadi Suq,-0.1090785829934428
