period,mean
2ndBC,-0.1090785829934428
3rdBC,0.07682187076704507
4thBC,0.7122852094814838
