period,mean
Hafit,0.3804863950694548
Umm an-Nar,-0.02520263393145903
Wadi Suq,0.019578307206684728
