period,mean
GMM_r1,0.1820861984337905
GMM_r2,-0.13282032660924023
