period,mean
Early Bronze,0.1438344614855884
Late Bronze,-0.30660686447363433
Middle Bronze,0.264217185966924
