period,mean
Early Bronze,0.18273242721945152
Late Bronze,-0.3085714785740707
Middle Bronze,0.04054108869202813
