period,mean
GMM_r1,0.18325111114750908
GMM_r2,-0.22158756067169288
