period,mean
2ndBC,0.019578307206684728
3rdBC,0.007122206964214766
4thBC,0.8273957340924566
